feature,importance
left_rel_y_12,0.016498036881933253
left_pair_3_18,0.015277175618066694
left_pair_0_12,0.014854947225344856
left_pair_0_16,0.013441913872492139
left_pair_0_8,0.013133590558542694
left_rel_y_4,0.012060332556752304
left_pair_8_16,0.011346289592314273
left_pair_1_16,0.011225105344350454
left_pair_8_20,0.011058892766638575
left_pair_12_20,0.010966419291148277
left_pair_4_20,0.010946119234531917
left_pair_4_10,0.010890832549839588
left_rel_y_3,0.010838098196562538
left_pair_1_12,0.010706342971323916
left_rel_x_4,0.010649805648247086
left_pair_4_14,0.010588817331234268
left_pair_12_16,0.010250972276892267
left_pair_2_20,0.010067606018721566
left_pair_12_13,0.00990072505084496
left_rel_x_12,0.009764724950290253
left_rel_y_8,0.00969273267679252
left_rel_y_11,0.009310329444169109
left_pair_4_18,0.009221410718860444
left_pair_8_12,0.009211293502984507
left_pair_1_8,0.008893388081823647
left_pair_9_12,0.00882344295385249
left_pair_8_19,0.008784039011826226
left_pair_12_19,0.008679181559250472
left_pair_7_19,0.008484037960618552
left_pair_11_16,0.008388072484598438
left_rel_y_16,0.00830838042023503
left_pair_4_19,0.008275772453600578
left_pair_3_19,0.00817483502980817
left_pair_5_8,0.008122415126317844
left_pair_16_20,0.008034851990765294
left_pair_13_16,0.00796391521517978
left_rel_x_20,0.007897396947613267
left_pair_0_11,0.007794322916273312
left_pair_9_17,0.007766688565258623
left_rel_y_17,0.007759852967532157
left_pair_12_18,0.007729276068378195
left_pair_9_16,0.0077104083296405
left_rel_x_16,0.007623703426574154
left_pair_4_15,0.007594468431144203
left_pair_3_20,0.007550638626523427
left_pair_3_12,0.00721037951246423
left_pair_0_20,0.007168835371397027
left_pair_12_14,0.006993979682045896
left_pair_11_14,0.006946614666729566
left_rel_y_13,0.00688189094295252
left_rel_y_15,0.006692977121906023
left_pair_11_15,0.006552752573886046
left_pair_8_15,0.006529387284507079
left_pair_7_12,0.006512922320835539
left_pair_8_11,0.006499905243621874
left_pair_4_16,0.006308260136983563
left_pair_8_9,0.0061489759199368854
left_pair_12_17,0.00613594928713707
left_pair_3_16,0.006129304231266684
left_pair_11_20,0.006126607569569149
left_pair_16_17,0.006120806944437275
left_pair_2_19,0.006106692583614222
left_pair_2_16,0.006026687593013461
left_pair_2_12,0.005969314349871371
left_pair_15_18,0.005840275002112367
left_pair_1_11,0.0057915013619965735
left_pair_7_15,0.005678901537850699
left_pair_11_18,0.005647690717009955
left_pair_7_11,0.005405881912933763
left_rel_x_3,0.005381362381860524
left_orient_cos,0.005304424843599524
left_pair_8_10,0.005281484577810197
left_pair_12_15,0.005248122306974644
left_pair_7_16,0.005237098880488281
left_pair_2_8,0.005212633893536306
left_pair_1_20,0.005144721262684938
left_pair_0_3,0.00496498359046867
left_pair_15_20,0.004954069010488184
left_pair_7_20,0.0048920279423608545
left_pair_16_19,0.004825281301999392
left_rel_x_8,0.004811103984861726
left_pair_2_18,0.004775543379609632
left_pair_3_14,0.00475215604917317
left_pair_5_17,0.004698747019696575
left_pair_4_8,0.00469201146658423
left_rel_y_7,0.00458433604448976
left_pair_2_15,0.00448683217877596
left_pair_4_12,0.004462704162814803
left_rel_y_19,0.004410680755183189
left_pair_0_2,0.004394939255746597
left_rel_y_20,0.00438865100165146
left_pair_4_6,0.004376206967670465
left_pair_11_19,0.004289518768638901
left_rel_y_14,0.004250025172742402
left_pair_7_10,0.004203871072769677
left_pair_0_15,0.004196522722756333
left_pair_1_15,0.004189026087886189
left_pair_16_18,0.004102441855231091
left_pair_1_7,0.004091374240505871
left_pair_8_13,0.004085188169041465
left_pair_9_13,0.0040438214146139035
left_pair_17_20,0.004031524453478425
left_pair_4_9,0.004023175461535187
left_rel_y_2,0.00400605183185415
left_pair_4_13,0.00395164945723236
left_pair_19_20,0.003903036109010803
left_pair_5_13,0.003891508758538926
left_orient_sin,0.0038838216020689385
left_pair_3_4,0.0038621085755201562
left_pair_4_11,0.0038317180695248234
left_pair_8_18,0.003791472214422992
left_pair_0_19,0.0037879922060269633
left_pair_13_17,0.00376549290053871
left_pair_18_19,0.003735669949122089
left_pair_5_16,0.0037013386254173886
left_pair_0_7,0.0035577329476897727
left_pair_6_8,0.0034934225220546017
left_pair_15_19,0.003471706137918297
left_pair_0_4,0.0034295178618843534
left_pair_18_20,0.0033688623790901167
left_pair_5_12,0.0033630634611701094
left_rel_x_5,0.0033433968372151763
left_pair_7_18,0.003317887690669109
left_rel_y_18,0.0032893118351365234
left_pair_14_15,0.00325761468944179
left_rel_x_6,0.003219414305677097
left_pair_11_13,0.003216700385795568
left_pair_2_4,0.0031381536108283535
left_rel_x_2,0.00313487736513486
left_pair_3_17,0.0031039450103830667
left_pair_3_10,0.00301321383792625
left_pair_4_17,0.0029966933260505623
left_pair_9_15,0.0029408390721800183
left_pair_11_17,0.0028423981921371438
left_pair_4_7,0.0028240101751867428
left_pair_8_14,0.0028031706459096238
left_pair_3_15,0.0027608773624876884
left_rel_x_7,0.0026437867255425366
left_pair_15_17,0.002622841817799086
left_rel_x_11,0.0026149790294378015
left_rel_y_1,0.0025689870603906387
left_pair_10_11,0.0024869589281464066
left_pair_3_8,0.0024650604407022688
left_rel_y_10,0.002262528765918335
left_pair_1_4,0.002253302215423782
left_pair_9_11,0.002196159366265643
left_pair_6_16,0.0021797862968274046
left_pair_3_11,0.002170792415711792
left_pair_2_17,0.002167709703291645
left_pair_6_7,0.002166672993633436
left_pair_5_15,0.0021476772262774614
left_pair_8_17,0.0021206232007366385
left_pair_2_5,0.0020976572656364718
left_pair_1_2,0.0020950753218884266
left_pair_5_20,0.0020930026607492587
left_pair_13_20,0.002074276263674438
left_pair_1_19,0.002064830544393484
left_pair_5_7,0.0020587202994899415
left_rel_x_19,0.0020045068990794373
left_pair_13_15,0.0019138694455883346
left_pair_0_1,0.0019021062387744783
left_pair_1_5,0.0018932757745414824
left_pair_3_13,0.001867910475729056
left_pair_6_19,0.0018592806240560144
left_pair_2_11,0.0018518640963380406
left_pair_0_5,0.0017877181220990865
left_pair_7_17,0.0017770374123158544
left_pair_5_11,0.0017412205860448209
left_pair_6_18,0.0017408227574841667
left_pair_5_9,0.001645692108829564
left_pair_1_3,0.0016409157672089827
left_pair_2_7,0.0016118301909183036
left_pair_2_9,0.0016066435733007875
left_pair_10_14,0.001586652702331234
left_pair_17_19,0.001582104819094372
left_pair_14_16,0.0015734540010902637
left_pair_5_18,0.0015640668418533275
left_pair_3_5,0.0015615740207535259
left_pair_7_14,0.0015085700837595595
left_rel_x_1,0.001497639779136532
left_rel_x_10,0.0014551735785086656
left_rel_y_9,0.0014254955623720772
left_rel_x_9,0.0014035757654466388
left_pair_14_19,0.0013876309085620448
left_pair_4_5,0.0013392960778560478
left_pair_0_14,0.0012887838367630388
left_pair_10_16,0.0012544907286431122
left_rel_x_15,0.0012438460792607356
left_pair_3_9,0.0011890983148955799
left_pair_9_20,0.0011651565614484319
left_pair_14_20,0.001161579881801313
left_pair_0_18,0.0011448169336427758
left_pair_3_6,0.0011062085675731248
left_pair_10_20,0.0011021735003550316
left_pair_2_13,0.001101927435269894
left_pair_7_9,0.0010933493859951993
left_pair_2_3,0.0010718135757927353
left_rel_x_13,0.001009440082355358
left_pair_6_20,0.0009090508766503254
left_pair_5_19,0.0008853940552952649
left_pair_13_19,0.0008695778182297789
left_rel_x_18,0.0008687680241908593
left_pair_3_7,0.0008366609819929324
left_pair_10_18,0.000822201107623554
left_pair_7_13,0.0008156138005133846
left_pair_10_19,0.0008149671830622247
left_pair_10_15,0.0008116289707086833
left_pair_7_8,0.0007863188516900868
left_pair_6_12,0.0007119667884742582
left_pair_14_18,0.0007029116391615854
left_pair_9_19,0.0007001830356282089
left_pair_2_6,0.0006898185495829406
left_pair_1_18,0.0006848959370747172
left_rel_x_17,0.0006770323311410091
left_pair_2_14,0.0006192071319213571
left_pair_5_6,0.0006080917865006281
left_pair_0_6,0.0005821165374717077
left_pair_9_10,0.0005805578120335653
left_pair_6_11,0.0005644775365251972
left_pair_10_12,0.0005217186244993288
left_pair_5_10,0.0005203553072024461
left_pair_2_10,0.000518655689496611
left_pair_5_14,0.0004916377382461959
left_pair_1_14,0.0004837193356572385
left_pair_6_17,0.0004668155512615539
left_pair_1_10,0.00044616401964073243
left_pair_6_9,0.00043581680398139763
left_rel_x_14,0.00041593908387128534
left_pair_9_14,0.0003900302167517003
left_pair_1_17,0.00038487378092573536
left_pair_10_17,0.00037915087142162667
left_pair_17_18,0.00036197889305393034
left_pair_6_15,0.00034818588789319087
left_pair_0_10,0.0003401855363954126
left_rel_y_5,0.00030654808786644325
left_pair_13_14,0.00030561526466877346
left_pair_11_12,0.0003006482288608302
left_pair_15_16,0.0002910159538059153
left_pair_0_17,0.00027714432161093325
left_rel_y_6,0.0002665730525343686
left_pair_10_13,0.00025856846817810445
left_pair_0_9,0.00023975930888641488
left_pair_6_14,0.0002373804724514233
left_pair_0_13,0.0002189915338712717
left_pair_1_9,0.00021607439593649094
left_pair_6_13,0.00020319094984974778
left_pair_1_13,0.0001747290066134682
left_pair_14_17,0.0001679794540574177
left_pair_6_10,0.00014791938272636594
left_pair_13_18,0.0001439004348813604
left_pair_1_6,0.00013052566055075777
left_pair_9_18,0.00011100261500334878
right_pair_3_20,6.9941824798189195e-06
right_pair_4_16,5.438938258689629e-06
right_pair_5_10,5.155878371640771e-06
right_rel_x_4,5.083930031405634e-06
right_pair_7_8,4.918596177698253e-06
right_pair_1_9,4.497191812566344e-06
right_pair_10_12,4.461517989545538e-06
right_pair_7_20,4.340960297061824e-06
right_pair_12_16,4.3125212518434186e-06
right_pair_11_15,4.269227634648915e-06
right_pair_11_13,4.1271990318174525e-06
right_pair_3_12,4.122835032403639e-06
right_pair_5_18,4.114111182048427e-06
right_pair_14_15,4.082198914175267e-06
right_pair_1_14,3.992110550315546e-06
right_rel_y_20,3.8105436902989464e-06
right_pair_7_14,3.727641247821088e-06
right_pair_7_18,3.496528478566998e-06
right_rel_y_13,3.364840475971932e-06
right_pair_3_4,3.3562255251306403e-06
right_pair_5_13,3.2992508475738043e-06
right_pair_11_20,3.252032520325237e-06
right_rel_x_6,3.075545109972549e-06
right_pair_16_18,3.038766200521144e-06
right_pair_15_17,3.0172729447733275e-06
right_pair_12_13,2.962586569456265e-06
right_pair_2_4,2.958479848525769e-06
right_pair_5_9,2.946084021805866e-06
right_pair_4_9,2.940336552190827e-06
right_pair_18_19,2.914317752096833e-06
right_pair_1_11,2.7559821023280614e-06
right_pair_8_11,2.7543348166333775e-06
right_pair_4_10,2.6891967358897193e-06
right_pair_6_19,2.6443367122080957e-06
right_pair_2_16,2.6195109075479235e-06
right_pair_11_19,2.6080010238162334e-06
right_rel_y_19,2.596840510712e-06
right_rel_y_12,2.544443419318346e-06
right_pair_8_16,2.5441892255020825e-06
right_pair_3_5,2.5343896079648856e-06
right_pair_3_9,2.5191938579654316e-06
right_pair_12_18,2.4002400240024003e-06
right_pair_8_18,2.3930634353506518e-06
right_pair_15_18,2.38115854186517e-06
right_pair_13_15,2.3573785950024027e-06
right_rel_x_19,2.2033779679691393e-06
right_pair_0_16,2.1914325025704685e-06
right_pair_9_16,2.1568368400467194e-06
right_pair_0_4,2.1405636817695232e-06
right_pair_0_11,2.1390074405964243e-06
right_pair_5_8,2.124338762917988e-06
right_pair_14_18,2.107955475998741e-06
right_rel_y_11,2.055263758849078e-06
right_rel_x_9,2.047936893204148e-06
right_pair_8_20,2.0286718961319587e-06
right_pair_10_19,2.0042757883484125e-06
right_pair_12_20,1.962836953677032e-06
right_pair_2_14,1.9559902200488726e-06
right_pair_4_7,1.9557989438684566e-06
right_pair_13_18,1.9066446774788087e-06
right_pair_6_15,1.7923441300729382e-06
right_pair_6_8,1.7804154302670212e-06
right_pair_10_18,1.734104046242698e-06
right_pair_9_13,1.712622024319217e-06
right_pair_2_9,1.646542261251407e-06
right_pair_4_15,1.6204829039053684e-06
right_pair_3_18,1.6191967621328654e-06
right_rel_x_20,1.606620019996651e-06
right_rel_y_15,1.5713858126309865e-06
right_pair_2_11,1.5710919088766545e-06
right_pair_14_16,1.5612129641507566e-06
right_pair_9_18,1.5569395017793617e-06
right_rel_y_9,1.5527950310558526e-06
right_pair_11_18,1.533742331288371e-06
right_pair_10_17,1.5191902716795747e-06
right_pair_5_19,1.497753369945101e-06
right_pair_3_11,1.4450608846357932e-06
right_rel_x_18,1.4408725355483372e-06
right_rel_x_3,1.4403935466347526e-06
right_pair_1_13,1.4318442153493371e-06
right_pair_9_19,1.4242641302142527e-06
right_pair_9_10,1.4036210680322372e-06
right_rel_x_17,1.3680763758577924e-06
right_pair_0_3,1.3563242397808108e-06
right_pair_10_20,1.3262599469495863e-06
right_rel_x_13,1.31839156229398e-06
right_pair_1_17,1.3051990428540154e-06
right_pair_7_15,1.269914569383479e-06
right_pair_17_18,1.2569130216189826e-06
right_pair_2_17,1.2557077625570928e-06
right_pair_14_19,1.2505210504376618e-06
right_pair_11_16,1.245588540585404e-06
right_pair_9_20,1.2430676936435157e-06
right_pair_3_13,1.24041497519165e-06
right_pair_1_10,1.2385434728758977e-06
right_pair_2_8,1.2042389210019519e-06
right_pair_6_18,1.2037644998905475e-06
right_pair_17_20,1.1940298507462508e-06
right_pair_3_16,1.1826547801647816e-06
right_pair_3_15,1.1334655709832446e-06
right_pair_0_9,1.128986734405911e-06
right_pair_5_15,1.121166033701047e-06
right_pair_6_20,1.1081245439065878e-06
right_pair_16_19,1.0488777008600832e-06
right_pair_0_1,1.0346611484738657e-06
right_pair_10_15,1.0345541071797972e-06
right_pair_9_15,1.0090817356205913e-06
right_pair_2_10,9.970089730807415e-07
right_pair_17_19,9.83671060397421e-07
right_pair_0_13,9.592643891383459e-07
right_pair_7_12,9.259259259259025e-07
right_pair_10_11,9.20810313075518e-07
right_pair_7_11,8.736167734420451e-07
right_pair_13_14,8.642473827198017e-07
right_pair_0_15,7.40624084935845e-07
right_pair_0_14,7.293946024799271e-07
right_pair_12_14,6.904487917146153e-07
right_pair_2_20,6.709408081109175e-07
right_pair_7_17,6.618863761720739e-07
right_pair_15_19,6.610113473614348e-07
right_pair_1_8,6.418485237483813e-07
right_pair_6_14,6.394679626550538e-07
right_pair_8_9,6.333924499620318e-07
right_pair_0_2,6.321112515802923e-07
right_pair_0_12,6.311537490532023e-07
right_pair_8_19,5.561735261401463e-07
right_pair_13_19,5.415162454873547e-07
right_pair_16_17,4.930966469427905e-07
right_pair_18_20,4.926108374384275e-07
right_pair_6_9,4.69043151969992e-07
right_pair_1_16,6.705909145089762e-20
right_pair_2_13,6.096459277450533e-20
right_rel_y_6,6.048859488269337e-20
right_pair_7_9,4.590192476633279e-20
right_pair_8_17,1.0285889786968378e-20
right_pair_1_15,4.382459307730703e-21
right_rel_y_5,4.027124769266185e-21
right_pair_3_17,3.383843761557086e-21
right_rel_x_15,1.2597084243099261e-21
right_pair_12_17,7.934501502130185e-22
right_pair_4_14,6.502038211567435e-22
right_rel_x_5,5.711023789224082e-22
right_pair_15_16,4.905256368005037e-22
right_pair_10_16,3.1229902239807996e-22
right_pair_8_10,0.0
right_pair_19_20,0.0
right_pair_7_19,0.0
right_orient_sin,0.0
right_pair_8_12,0.0
right_pair_8_13,0.0
right_pair_14_17,0.0
right_pair_16_20,0.0
right_pair_8_14,0.0
right_pair_11_12,0.0
right_pair_11_17,0.0
right_pair_12_15,0.0
right_pair_12_19,0.0
right_pair_10_14,0.0
right_pair_10_13,0.0
right_pair_13_16,0.0
right_pair_13_17,0.0
right_pair_13_20,0.0
right_pair_9_17,0.0
right_pair_11_14,0.0
right_pair_9_14,0.0
right_pair_9_12,0.0
right_pair_9_11,0.0
right_pair_14_20,0.0
right_pair_15_20,0.0
right_pair_8_15,0.0
left_rel_x_0,0.0
right_rel_x_0,0.0
right_pair_7_16,0.0
right_pair_0_19,0.0
right_rel_y_18,0.0
right_pair_0_5,0.0
right_pair_0_6,0.0
right_pair_0_7,0.0
right_pair_0_8,0.0
right_pair_0_10,0.0
right_pair_0_17,0.0
right_pair_0_18,0.0
right_pair_0_20,0.0
right_pair_7_13,0.0
right_pair_1_2,0.0
right_pair_1_3,0.0
right_pair_1_4,0.0
right_pair_1_5,0.0
right_pair_1_6,0.0
right_pair_1_7,0.0
right_pair_1_12,0.0
right_pair_1_18,0.0
right_rel_y_17,0.0
right_rel_y_16,0.0
right_rel_x_16,0.0
right_rel_y_14,0.0
left_rel_y_0,0.0
right_rel_y_0,0.0
right_rel_x_1,0.0
right_rel_y_1,0.0
right_rel_x_2,0.0
right_rel_y_2,0.0
right_rel_y_3,0.0
right_rel_y_4,0.0
right_rel_x_7,0.0
right_rel_y_7,0.0
right_rel_x_8,0.0
right_rel_y_8,0.0
right_rel_x_10,0.0
right_rel_y_10,0.0
right_rel_x_11,0.0
right_rel_x_12,0.0
right_rel_x_14,0.0
right_pair_1_19,0.0
right_pair_1_20,0.0
right_pair_2_3,0.0
right_pair_4_18,0.0
right_pair_4_20,0.0
right_pair_5_6,0.0
right_pair_5_7,0.0
right_pair_5_11,0.0
right_pair_5_12,0.0
right_pair_5_14,0.0
right_pair_5_16,0.0
right_pair_5_17,0.0
right_pair_5_20,0.0
right_pair_6_7,0.0
right_pair_6_10,0.0
right_pair_6_11,0.0
right_pair_6_12,0.0
right_pair_6_13,0.0
right_pair_6_16,0.0
right_pair_6_17,0.0
right_pair_7_10,0.0
right_pair_4_19,0.0
right_pair_4_17,0.0
right_pair_2_5,0.0
right_pair_4_13,0.0
right_pair_2_6,0.0
right_pair_2_7,0.0
right_pair_2_12,0.0
right_pair_2_15,0.0
right_pair_2_18,0.0
right_pair_2_19,0.0
right_pair_3_6,0.0
right_pair_3_7,0.0
right_pair_3_8,0.0
right_pair_3_10,0.0
right_pair_3_14,0.0
right_pair_3_19,0.0
right_pair_4_5,0.0
right_pair_4_6,0.0
right_pair_4_8,0.0
right_pair_4_11,0.0
right_pair_4_12,0.0
right_orient_cos,0.0
